"id","feature_type","name","common_name","lock_number","milepost","milepost_end","latitude","longitude","coverage_status","run_coverage_status","bike_coverage_status","hike_coverage_status","covering_activity_count","run_covering_activity_count","bike_covering_activity_count","hike_covering_activity_count","first_covering_activity_id","first_covering_date","first_covering_strava_url","latest_covering_activity_id","latest_covering_date","latest_covering_strava_url","remaining_segment_count","remaining_segment_start","remaining_segment_end","remaining_segment_miles","nps_has_amenity_data","nps_bike_rentals","nps_boat_ramp","nps_boat_rentals","nps_camping","nps_camping_fee_area","nps_camping_tent","nps_canal_quarters","nps_canoe_kayak_ramp","nps_fee_area","nps_food","nps_parking","nps_picnic_tables","nps_restrooms","nps_visitor_center","nps_water","nps_recreation_match_count","nearby_feature_count","nearby_lock_count"
"georgetown-0-0-1-1","access_point","Georgetown",,,0.0,1.1,38.904167,-77.060133,"covered","covered","remaining","remaining",3,3,0,0,199816335,"2013-03-12","https://www.strava.com/activities/199816335",199812372,"2013-04-16","https://www.strava.com/activities/199812372",0,,,,"true","false","false","false","false","false","false","false","false","false","false","false","false","true","true","true",1,5,4
"lock-1","lock","Lock 1",,"1",0.3,,,,"covered","covered","remaining","remaining",1,1,0,0,199813593,"2013-04-09","https://www.strava.com/activities/199813593",199813593,"2013-04-09","https://www.strava.com/activities/199813593",0,,,,,,,,,,,,,,,,,,,,,,
"lock-2","lock","Lock 2",,"2",0.3,,,,"covered","covered","remaining","remaining",1,1,0,0,199813593,"2013-04-09","https://www.strava.com/activities/199813593",199813593,"2013-04-09","https://www.strava.com/activities/199813593",0,,,,,,,,,,,,,,,,,,,,,,
"lock-3","lock","Lock 3",,"3",0.4,,,,"covered","covered","remaining","remaining",1,1,0,0,199813593,"2013-04-09","https://www.strava.com/activities/199813593",199813593,"2013-04-09","https://www.strava.com/activities/199813593",0,,,,,,,,,,,,,,,,,,,,,,
"lock-4","lock","Lock 4",,"4",0.4,,,,"covered","covered","remaining","remaining",1,1,0,0,199813593,"2013-04-09","https://www.strava.com/activities/199813593",199813593,"2013-04-09","https://www.strava.com/activities/199813593",0,,,,,,,,,,,,,,,,,,,,,,
"fletchers-cove-3-1","access_point","Fletchers Cove",,,3.1,,38.918691,-77.102019,"covered","covered","remaining","remaining",1,1,0,0,199789540,"2013-09-14","https://www.strava.com/activities/199789540",199789540,"2013-09-14","https://www.strava.com/activities/199789540",0,,,,"true","true","false","true","false","false","false","false","false","false","true","true","true","true","false","false",1,0,0
"chain-bridge-4-0","access_point","Chain Bridge",,,4.0,,38.932841,-77.112844,"covered","covered","remaining","remaining",2,2,0,0,199789540,"2013-09-14","https://www.strava.com/activities/199789540",199781227,"2013-11-17","https://www.strava.com/activities/199781227",0,,,,"false",,,,,,,,,,,,,,,,0,1,1
"brookmont-footbridge-5-0","access_point","Brookmont footbridge",,,5.0,,38.939982,-77.120157,"covered","covered","remaining","remaining",3,3,0,0,199814600,"2013-04-02","https://www.strava.com/activities/199814600",199781227,"2013-11-17","https://www.strava.com/activities/199781227",0,,,,"false",,,,,,,,,,,,,,,,0,2,2
"lock-5","lock","Lock 5","Brookmont Lock & Inlet #1","5",5.0,,,,"covered","covered","remaining","remaining",3,3,0,0,199814600,"2013-04-02","https://www.strava.com/activities/199814600",199781227,"2013-11-17","https://www.strava.com/activities/199781227",0,,,,,,,,,,,,,,,,,,,,,,
"lock-6-5-4","access_point","Lock 6",,,5.4,,38.944737,-77.123348,"covered","covered","remaining","remaining",3,3,0,0,199814600,"2013-04-02","https://www.strava.com/activities/199814600",199781227,"2013-11-17","https://www.strava.com/activities/199781227",0,,,,"true","false","false","false","false","false","false","true","false","false","false","true","true","false","false","false",1,2,2
"valley-road-brookmont-5-4","access_point","Valley Road (Brookmont)",,,5.4,,38.94546,-77.122672,"covered","covered","remaining","remaining",3,3,0,0,199814600,"2013-04-02","https://www.strava.com/activities/199814600",199781227,"2013-11-17","https://www.strava.com/activities/199781227",0,,,,"false",,,,,,,,,,,,,,,,0,2,2
"lock-6","lock","Lock 6","Magazine Lock","6",5.4,,,,"covered","covered","remaining","remaining",3,3,0,0,199814600,"2013-04-02","https://www.strava.com/activities/199814600",199781227,"2013-11-17","https://www.strava.com/activities/199781227",0,,,,,,,,,,,,,,,,,,,,,,
"sycamore-island-6-4","access_point","Sycamore Island",,,6.4,,38.95832,-77.131465,"covered","covered","remaining","remaining",3,3,0,0,199814600,"2013-04-02","https://www.strava.com/activities/199814600",199781227,"2013-11-17","https://www.strava.com/activities/199781227",0,,,,"true","false","false","false","false","false","false","false","false","false","false","true","true","false","false","false",1,2,2
"walhonding-road-footbridge-6-4","access_point","Walhonding Road footbridge",,,6.4,,38.958303,-77.130849,"covered","covered","remaining","remaining",3,3,0,0,199814600,"2013-04-02","https://www.strava.com/activities/199814600",199781227,"2013-11-17","https://www.strava.com/activities/199781227",0,,,,"false",,,,,,,,,,,,,,,,0,2,2
"lock-7-7-0","access_point","Lock 7",,,7.0,,38.964611,-77.138363,"covered","covered","remaining","remaining",3,3,0,0,199814600,"2013-04-02","https://www.strava.com/activities/199814600",199781227,"2013-11-17","https://www.strava.com/activities/199781227",0,,,,"true","false","false","false","false","false","false","false","false","false","false","true","true","false","false","false",1,1,1
"lock-7","lock","Lock 7","Chataqua Lock","7",7.0,,,,"covered","covered","remaining","remaining",3,3,0,0,199814600,"2013-04-02","https://www.strava.com/activities/199814600",199781227,"2013-11-17","https://www.strava.com/activities/199781227",0,,,,,,,,,,,,,,,,,,,,,,
"cabin-john-aqueduct-7-7","access_point","Cabin John Aqueduct",,,7.7,,38.972854,-77.147357,"covered","covered","remaining","remaining",2,2,0,0,199789540,"2013-09-14","https://www.strava.com/activities/199789540",199781227,"2013-11-17","https://www.strava.com/activities/199781227",0,,,,"false",,,,,,,,,,,,,,,,0,3,3
"lock-8-8-3","access_point","Lock 8",,,8.3,,38.971559,-77.160636,"covered","covered","remaining","remaining",2,2,0,0,199789540,"2013-09-14","https://www.strava.com/activities/199789540",199781227,"2013-11-17","https://www.strava.com/activities/199781227",0,,,,"true","false","false","false","false","false","false","false","false","false","false","true","true","true","false","false",1,5,5
"riverside-drive-8-3","access_point","Riverside Drive",,,8.3,,38.97208,-77.1621,"covered","covered","remaining","remaining",2,2,0,0,199789540,"2013-09-14","https://www.strava.com/activities/199789540",199781227,"2013-11-17","https://www.strava.com/activities/199781227",0,,,,"false",,,,,,,,,,,,,,,,0,5,5
"lock-8","lock","Lock 8","Seven Locks 1","8",8.3,,,,"covered","covered","remaining","remaining",2,2,0,0,199789540,"2013-09-14","https://www.strava.com/activities/199789540",199781227,"2013-11-17","https://www.strava.com/activities/199781227",0,,,,,,,,,,,,,,,,,,,,,,
"lock-9","lock","Lock 9","Seven Locks 2","9",8.7,,,,"covered","covered","remaining","remaining",2,2,0,0,199789540,"2013-09-14","https://www.strava.com/activities/199789540",199781227,"2013-11-17","https://www.strava.com/activities/199781227",0,,,,,,,,,,,,,,,,,,,,,,
"lock-10-8-8","access_point","Lock 10",,,8.8,,38.972631,-77.169278,"covered","covered","remaining","remaining",2,2,0,0,199789540,"2013-09-14","https://www.strava.com/activities/199789540",199781227,"2013-11-17","https://www.strava.com/activities/199781227",0,,,,"true","false","false","false","false","false","false","true","false","false","false","true","true","false","false","true",1,7,7
"lock-10","lock","Lock 10","Seven Locks 3","10",8.8,,,,"covered","covered","remaining","remaining",2,2,0,0,199789540,"2013-09-14","https://www.strava.com/activities/199789540",199781227,"2013-11-17","https://www.strava.com/activities/199781227",0,,,,,,,,,,,,,,,,,,,,,,
"lock-11","lock","Lock 11","Seven Locks 4","11",9.0,,,,"covered","covered","remaining","remaining",2,2,0,0,199789540,"2013-09-14","https://www.strava.com/activities/199789540",199781227,"2013-11-17","https://www.strava.com/activities/199781227",0,,,,,,,,,,,,,,,,,,,,,,
"lock-12","lock","Lock 12","Seven Locks 5","12",9.3,,,,"covered","covered","remaining","remaining",2,2,0,0,199789540,"2013-09-14","https://www.strava.com/activities/199789540",199781227,"2013-11-17","https://www.strava.com/activities/199781227",0,,,,,,,,,,,,,,,,,,,,,,
"lock-13","lock","Lock 13","Seven Locks 6","13",9.4,,,,"covered","covered","remaining","remaining",2,2,0,0,199789540,"2013-09-14","https://www.strava.com/activities/199789540",199781227,"2013-11-17","https://www.strava.com/activities/199781227",0,,,,,,,,,,,,,,,,,,,,,,
"lock-14","lock","Lock 14","Seven Locks 7","14",9.5,,,,"covered","covered","remaining","remaining",1,1,0,0,199781227,"2013-11-17","https://www.strava.com/activities/199781227",199781227,"2013-11-17","https://www.strava.com/activities/199781227",0,,,,,,,,,,,,,,,,,,,,,,
"carderock-10-4-10-8","access_point","Carderock",,,10.4,10.8,38.97456,-77.201968,"remaining","remaining","remaining","remaining",0,0,0,0,,,,,,,1,10.04,32.84,22.8,"true","false","false","false","false","false","false","false","false","false","false","true","true","true","false","true",1,2,2
"marsden-tract-11-4","access_point","Marsden Tract",,,11.4,,38.978697,-77.215888,"remaining","remaining","remaining","remaining",0,0,0,0,,,,,,,1,10.04,32.84,22.8,"true","false","false","false","true","true","false","false","false","false","false","false","false","true","false","true",1,0,0
"old-angler-s-inn-12-2","access_point","Old Angler's Inn",,,12.2,,38.981897,-77.226205,"remaining","remaining","remaining","remaining",0,0,0,0,,,,,,,1,10.04,32.84,22.8,"true","false","false","false","false","false","false","false","true","false","false","true","false","true","false","true",1,0,0
"lock-15","lock","Lock 15","Six Locks 1","15",13.6,,,,"remaining","remaining","remaining","remaining",0,0,0,0,,,,,,,1,10.04,32.84,22.8,,,,,,,,,,,,,,,,,,,
"lock-16","lock","Lock 16","Six Locks 2","16",13.7,,,,"remaining","remaining","remaining","remaining",0,0,0,0,,,,,,,1,10.04,32.84,22.8,,,,,,,,,,,,,,,,,,,
"lock-17","lock","Lock 17","Six Locks 3","17",14.1,,,,"remaining","remaining","remaining","remaining",0,0,0,0,,,,,,,1,10.04,32.84,22.8,,,,,,,,,,,,,,,,,,,
"lock-18","lock","Lock 18","Six Locks 4","18",14.2,,,,"remaining","remaining","remaining","remaining",0,0,0,0,,,,,,,1,10.04,32.84,22.8,,,,,,,,,,,,,,,,,,,
"great-falls-14-3","access_point","Great Falls",,,14.3,,39.001748,-77.246836,"remaining","remaining","remaining","remaining",0,0,0,0,,,,,,,1,10.04,32.84,22.8,"true","false","false","false","false","false","false","false","false","true","true","true","true","true","true","true",1,6,6
"lock-19","lock","Lock 19","Six Locks 5","19",14.3,,,,"remaining","remaining","remaining","remaining",0,0,0,0,,,,,,,1,10.04,32.84,22.8,,,,,,,,,,,,,,,,,,,
"lock-20","lock","Lock 20","Six Locks 6 / Tavern Lock","20",14.4,,,,"remaining","remaining","remaining","remaining",0,0,0,0,,,,,,,1,10.04,32.84,22.8,,,,,,,,,,,,,,,,,,,
"swains-lock-16-6","access_point","Swains Lock",,,16.6,,39.031634,-77.243531,"remaining","remaining","remaining","remaining",0,0,0,0,,,,,,,1,10.04,32.84,22.8,"true","false","false","false","true","false","true","true","false","false","false","true","true","true","false","true",1,1,1
"lock-21","lock","Lock 21","Swains Lock","21",16.7,,,,"remaining","remaining","remaining","remaining",0,0,0,0,,,,,,,1,10.04,32.84,22.8,,,,,,,,,,,,,,,,,,,
"pennyfield-lock-19-6","access_point","Pennyfield Lock",,,19.6,,39.054972,-77.290334,"remaining","remaining","remaining","remaining",0,0,0,0,,,,,,,1,10.04,32.84,22.8,"true","false","false","false","false","false","false","true","false","false","false","true","false","true","false","false",1,1,1
"lock-22","lock","Lock 22","Pennyfield Lock","22",19.6,,,,"remaining","remaining","remaining","remaining",0,0,0,0,,,,,,,1,10.04,32.84,22.8,,,,,,,,,,,,,,,,,,,
"violettes-lock-22-1","access_point","Violettes Lock",,,22.1,,39.067226,-77.328483,"remaining","remaining","remaining","remaining",0,0,0,0,,,,,,,1,10.04,32.84,22.8,"true","false","false","false","false","false","false","false","true","false","false","true","true","true","false","false",1,2,2
"lock-23","lock","Lock 23","Violette's Lock","23",22.1,,,,"remaining","remaining","remaining","remaining",0,0,0,0,,,,,,,1,10.04,32.84,22.8,,,,,,,,,,,,,,,,,,,
"rileys-lock-22-8","access_point","Rileys Lock",,,22.8,,39.069167,-77.340877,"remaining","remaining","remaining","remaining",0,0,0,0,,,,,,,1,10.04,32.84,22.8,"true","false","false","false","false","false","false","false","true","false","false","true","true","true","false","false",1,2,2
"lock-24","lock","Lock 24","Riley's Lock","24",22.8,,,,"remaining","remaining","remaining","remaining",0,0,0,0,,,,,,,1,10.04,32.84,22.8,,,,,,,,,,,,,,,,,,,
"sycamore-landing-27-2","access_point","Sycamore Landing",,,27.2,,39.074731,-77.420193,"remaining","remaining","remaining","remaining",0,0,0,0,,,,,,,1,10.04,32.84,22.8,"true","false","false","false","false","false","false","false","true","false","false","true","false","false","false","false",1,0,0
"edwards-ferry-30-8","access_point","Edwards Ferry",,,30.8,,39.103463,-77.472933,"remaining","remaining","remaining","remaining",0,0,0,0,,,,,,,1,10.04,32.84,22.8,"true","false","true","false","false","false","false","true","false","false","false","true","false","false","false","false",1,2,1
"lock-25","lock","Lock 25","Edward's Ferry","25",30.8,,,,"remaining","remaining","remaining","remaining",0,0,0,0,,,,,,,1,10.04,32.84,22.8,,,,,,,,,,,,,,,,,,,
"whites-ferry-35-5","access_point","Whites Ferry",,,35.5,,39.154861,-77.518206,"covered","remaining","covered","remaining",1,0,1,0,311074835,"2015-05-24","https://www.strava.com/activities/311074835",311074835,"2015-05-24","https://www.strava.com/activities/311074835",0,,,,"true","false","true","false","false","false","false","false","false","false","false","true","true","true","false","false",1,0,0
"lock-26","lock","Lock 26","Wood's Lock","26",39.4,,,,"covered","covered","covered","remaining",2,1,1,0,311074835,"2015-05-24","https://www.strava.com/activities/311074835",760819957,"2016-10-30","https://www.strava.com/activities/760819957",0,,,,,,,,,,,,,,,,,,,,,,
"dickerson-conservation-park-39-6","access_point","Dickerson Conservation Park",,,39.6,,39.194685,-77.469402,"covered","covered","covered","remaining",3,2,1,0,199744774,"2014-09-14","https://www.strava.com/activities/199744774",760819957,"2016-10-30","https://www.strava.com/activities/760819957",0,,,,"false",,,,,,,,,,,,,,,,0,1,1
"lock-27","lock","Lock 27","Spinks Ferry","27",41.5,,,,"covered","covered","covered","remaining",3,2,1,0,199744774,"2014-09-14","https://www.strava.com/activities/199744774",760819957,"2016-10-30","https://www.strava.com/activities/760819957",0,,,,,,,,,,,,,,,,,,,,,,
"monocacy-aqueduct-42-1","access_point","Monocacy Aqueduct",,,42.1,,39.222563,-77.449987,"covered","covered","covered","remaining",3,2,1,0,199744774,"2014-09-14","https://www.strava.com/activities/199744774",760819957,"2016-10-30","https://www.strava.com/activities/760819957",0,,,,"true","false","true","false","false","false","false","false","false","false","false","true","true","true","false","false",1,2,1
"nolands-ferry-44-6","access_point","Nolands Ferry",,,44.6,,39.249948,-77.482726,"covered","covered","covered","remaining",4,3,1,0,199744774,"2014-09-14","https://www.strava.com/activities/199744774",13906962190,"2021-07-31","https://www.strava.com/activities/13906962190",0,,,,"true","false","true","false","false","false","false","false","false","false","false","true","true","true","false","false",1,0,0
"point-of-rocks-48-2","access_point","Point of Rocks",,,48.2,,39.273218,-77.540045,"covered","covered","remaining","remaining",5,5,0,0,200480099,"2014-09-27","https://www.strava.com/activities/200480099",13906962190,"2021-07-31","https://www.strava.com/activities/13906962190",0,,,,"true","false","true","false","false","false","false","true","false","false","false","true","false","true","false","false",1,2,1
"lock-28","lock","Lock 28","Fulton's Lock / Dent's Lock","28",48.9,,,,"covered","covered","remaining","remaining",4,4,0,0,200480099,"2014-09-27","https://www.strava.com/activities/200480099",746946174,"2016-10-16","https://www.strava.com/activities/746946174",0,,,,,,,,,,,,,,,,,,,,,,
"lock-29","lock","Lock 29","Lander Lock / Catoctin Lock","29",50.8,,,,"covered","covered","remaining","remaining",4,4,0,0,200480099,"2014-09-27","https://www.strava.com/activities/200480099",746946174,"2016-10-16","https://www.strava.com/activities/746946174",0,,,,,,,,,,,,,,,,,,,,,,
"lander-50-9","access_point","Lander",,,50.9,,39.306507,-77.558006,"covered","covered","remaining","remaining",4,4,0,0,200480099,"2014-09-27","https://www.strava.com/activities/200480099",746946174,"2016-10-16","https://www.strava.com/activities/746946174",0,,,,"true","false","true","false","false","false","false","false","false","false","false","true","false","true","false","false",1,2,1
"brunswick-55-0","access_point","Brunswick",,,55.0,,39.31122,-77.630749,"covered","covered","remaining","remaining",6,6,0,0,200480099,"2014-09-27","https://www.strava.com/activities/200480099",746946174,"2016-10-16","https://www.strava.com/activities/746946174",0,,,,"true","false","true","false","false","false","false","false","false","false","false","true","true","true","true","false",1,1,1
"lock-30","lock","Lock 30",,"30",55.0,,,,"covered","covered","remaining","remaining",6,6,0,0,200480099,"2014-09-27","https://www.strava.com/activities/200480099",746946174,"2016-10-16","https://www.strava.com/activities/746946174",0,,,,,,,,,,,,,,,,,,,,,,
"weverton-58-0","access_point","Weverton",,,58.0,,39.329916,-77.681966,"covered","covered","remaining","remaining",4,4,0,0,200480099,"2014-09-27","https://www.strava.com/activities/200480099",386308394,"2015-09-06","https://www.strava.com/activities/386308394",0,,,,"false",,,,,,,,,,,,,,,,0,1,1
"lock-31","lock","Lock 31","Weverton Lock","31",58.0,,,,"covered","covered","remaining","remaining",4,4,0,0,200480099,"2014-09-27","https://www.strava.com/activities/200480099",386308394,"2015-09-06","https://www.strava.com/activities/386308394",0,,,,,,,,,,,,,,,,,,,,,,
"lock-32","lock","Lock 32",,"32",60.2,,,,"covered","covered","remaining","remaining",3,3,0,0,206547267,"2014-10-12","https://www.strava.com/activities/206547267",386308394,"2015-09-06","https://www.strava.com/activities/386308394",0,,,,,,,,,,,,,,,,,,,,,,
"lock-33","lock","Lock 33",,"33",60.7,,,,"covered","covered","covered","remaining",4,3,1,0,206547267,"2014-10-12","https://www.strava.com/activities/206547267",752586140,"2016-10-22","https://www.strava.com/activities/752586140",0,,,,,,,,,,,,,,,,,,,,,,
"maryland-heights-61-3","access_point","Maryland Heights",,,61.3,,39.329395,-77.731919,"covered","covered","covered","remaining",4,3,1,0,206547267,"2014-10-12","https://www.strava.com/activities/206547267",752586140,"2016-10-22","https://www.strava.com/activities/752586140",0,,,,"false",,,,,,,,,,,,,,,,0,4,3
"lock-34","lock","Lock 34","Goodheart's Lock","34",61.5,,,,"covered","covered","covered","remaining",4,3,1,0,206547267,"2014-10-12","https://www.strava.com/activities/206547267",752586140,"2016-10-22","https://www.strava.com/activities/752586140",0,,,,,,,,,,,,,,,,,,,,,,
"lock-34-61-6","access_point","Lock 34",,,61.6,,39.33343,-77.738577,"covered","covered","covered","remaining",4,3,1,0,206547267,"2014-10-12","https://www.strava.com/activities/206547267",752586140,"2016-10-22","https://www.strava.com/activities/752586140",0,,,,"false",,,,,,,,,,,,,,,,0,5,4
"lock-35","lock","Lock 35",,"35",62.3,,,,"covered","covered","covered","remaining",3,2,1,0,206547267,"2014-10-12","https://www.strava.com/activities/206547267",752586140,"2016-10-22","https://www.strava.com/activities/752586140",0,,,,,,,,,,,,,,,,,,,,,,
"lock-36","lock","Lock 36",,"36",62.5,,,,"covered","covered","covered","remaining",3,2,1,0,206547267,"2014-10-12","https://www.strava.com/activities/206547267",752586140,"2016-10-22","https://www.strava.com/activities/752586140",0,,,,,,,,,,,,,,,,,,,,,,
"dargan-bend-64-9","access_point","Dargan Bend",,,64.9,,39.364182,-77.740073,"covered","covered","remaining","remaining",1,1,0,0,206547267,"2014-10-12","https://www.strava.com/activities/206547267",206547267,"2014-10-12","https://www.strava.com/activities/206547267",0,,,,"true","false","true","false","false","false","false","false","false","false","false","true","true","true","false","false",1,0,0
"lock-37","lock","Lock 37","Mountain Lock","37",66.9,,,,"remaining","remaining","remaining","remaining",0,0,0,0,,,,,,,1,64.95,70.67,5.72,,,,,,,,,,,,,,,,,,,
"mountain-lock-67-0","access_point","Mountain Lock",,,67.0,,39.385295,-77.734451,"remaining","remaining","remaining","remaining",0,0,0,0,,,,,,,1,64.95,70.67,5.72,"false",,,,,,,,,,,,,,,,0,1,1
"antietam-69-5","access_point","Antietam",,,69.5,,39.419001,-77.74657,"remaining","remaining","remaining","remaining",0,0,0,0,,,,,,,1,64.95,70.67,5.72,"true","false","false","false","true","true","false","false","false","false","false","true","false","true","false","true",1,0,0
"railroad-bridge-shepherdstown-72-4","access_point","Railroad bridge (Shepherdstown)",,,72.4,,39.433927,-77.795512,"covered","covered","remaining","remaining",1,1,0,0,730943315,"2016-10-01","https://www.strava.com/activities/730943315",730943315,"2016-10-01","https://www.strava.com/activities/730943315",0,,,,"false",,,,,,,,,,,,,,,,0,2,1
"lock-38","lock","Lock 38","Shepherdstown Lock","38",72.7,,,,"covered","covered","remaining","remaining",1,1,0,0,730943315,"2016-10-01","https://www.strava.com/activities/730943315",730943315,"2016-10-01","https://www.strava.com/activities/730943315",0,,,,,,,,,,,,,,,,,,,,,,
"lock-38-shepherdstown-72-8","access_point","Lock 38 (Shepherdstown)",,,72.8,,39.436456,-77.799527,"remaining","remaining","remaining","remaining",0,0,0,0,,,,,,,1,72.73,89.47,16.74,"true","false","false","false","false","false","false","false","false","false","false","true","false","true","false","false",1,2,1
"lock-39","lock","Lock 39","One Mile Lock","39",74.0,,,,"remaining","remaining","remaining","remaining",0,0,0,0,,,,,,,1,72.73,89.47,16.74,,,,,,,,,,,,,,,,,,,
"snyders-landing-76-7","access_point","Snyders Landing",,,76.7,,39.46527,-77.777313,"remaining","remaining","remaining","remaining",0,0,0,0,,,,,,,1,72.73,89.47,16.74,"true","false","true","false","false","false","false","false","false","false","false","true","false","true","false","false",1,0,0
"lock-40","lock","Lock 40",,"40",79.4,,,,"remaining","remaining","remaining","remaining",0,0,0,0,,,,,,,1,72.73,89.47,16.74,,,,,,,,,,,,,,,,,,,
"taylors-landing-81-0","access_point","Taylors Landing",,,81.0,,39.499645,-77.767866,"remaining","remaining","remaining","remaining",0,0,0,0,,,,,,,1,72.73,89.47,16.74,"true","false","true","false","false","false","false","false","false","false","false","true","false","true","false","false",1,0,0
"dam-no-4-84-4","access_point","Dam No. 4",,,84.4,,39.496001,-77.826266,"remaining","remaining","remaining","remaining",0,0,0,0,,,,,,,1,72.73,89.47,16.74,"true","false","false","false","false","false","false","false","false","false","false","true","false","false","false","false",1,0,0
"big-slackwater-boat-ramp-85-4","access_point","Big Slackwater Boat Ramp",,,85.4,,39.501346,-77.845385,"remaining","remaining","remaining","remaining",0,0,0,0,,,,,,,1,72.73,89.47,16.74,"true","false","true","false","false","false","false","false","false","false","false","true","true","true","false","false",1,0,0
"mcmahons-mill-88-1","access_point","McMahons Mill",,,88.1,,39.530654,-77.823522,"remaining","remaining","remaining","remaining",0,0,0,0,,,,,,,1,72.73,89.47,16.74,"true","false","false","false","false","false","false","false","false","false","false","true","false","true","false","false",1,2,2
"lock-41","lock","Lock 41",,"41",88.9,,,,"remaining","remaining","remaining","remaining",0,0,0,0,,,,,,,1,72.73,89.47,16.74,,,,,,,,,,,,,,,,,,,
"lock-42","lock","Lock 42",,"42",89.0,,,,"remaining","remaining","remaining","remaining",0,0,0,0,,,,,,,1,72.73,89.47,16.74,,,,,,,,,,,,,,,,,,,
"spring-dell-road-89-1","access_point","Spring Dell Road",,,89.1,,39.530309,-77.844116,"remaining","remaining","remaining","remaining",0,0,0,0,,,,,,,1,72.73,89.47,16.74,"false",,,,,,,,,,,,,,,,0,2,2
"lock-43","lock","Lock 43",,"43",92.9,,,,"covered","covered","remaining","remaining",1,1,0,0,767883779,"2016-11-06","https://www.strava.com/activities/767883779",767883779,"2016-11-06","https://www.strava.com/activities/767883779",0,,,,,,,,,,,,,,,,,,,,,,
"lock-44","lock","Lock 44","Williamsport","44",99.1,,,,"covered","covered","remaining","remaining",1,1,0,0,767883779,"2016-11-06","https://www.strava.com/activities/767883779",767883779,"2016-11-06","https://www.strava.com/activities/767883779",0,,,,,,,,,,,,,,,,,,,,,,
"lock-44-99-3","access_point","Lock 44",,,99.3,,39.595037,-77.824712,"covered","covered","remaining","covered",2,1,0,1,767883779,"2016-11-06","https://www.strava.com/activities/767883779",19965023599,"2026-08-30","https://www.strava.com/activities/19965023599",0,,,,"true","false","false","false","false","false","false","false","false","false","false","true","false","true","false","false",1,1,1
"williamsport-visitor-center-99-8","access_point","Williamsport Visitor Center",,,99.8,,39.600996,-77.826927,"covered","covered","remaining","remaining",1,1,0,0,781060553,"2016-11-20","https://www.strava.com/activities/781060553",781060553,"2016-11-20","https://www.strava.com/activities/781060553",0,,,,"true","false","true","false","false","false","false","false","false","false","false","true","true","true","true","true",1,1,1
"gift-road-103-3","access_point","Gift Road",,,103.3,,39.616863,-77.888503,"covered","covered","remaining","remaining",1,1,0,0,781060553,"2016-11-20","https://www.strava.com/activities/781060553",781060553,"2016-11-20","https://www.strava.com/activities/781060553",0,,,,"false",,,,,,,,,,,,,,,,0,0,0
"dam-no-5-road-106-2","access_point","Dam No. 5 Road",,,106.2,,39.604678,-77.911877,"covered","covered","remaining","remaining",1,1,0,0,781060553,"2016-11-20","https://www.strava.com/activities/781060553",781060553,"2016-11-20","https://www.strava.com/activities/781060553",0,,,,"false",,,,,,,,,,,,,,,,0,2,2
"dam-no-5-106-8","access_point","Dam No. 5",,,106.8,,39.607079,-77.921117,"covered","covered","remaining","remaining",1,1,0,0,781060553,"2016-11-20","https://www.strava.com/activities/781060553",781060553,"2016-11-20","https://www.strava.com/activities/781060553",0,,,,"true","false","false","false","false","false","false","false","false","false","false","true","false","true","false","false",1,2,2
"lock-45","lock","Lock 45","Two Locks 1","45",107.0,,,,"covered","covered","remaining","remaining",1,1,0,0,781060553,"2016-11-20","https://www.strava.com/activities/781060553",781060553,"2016-11-20","https://www.strava.com/activities/781060553",0,,,,,,,,,,,,,,,,,,,,,,
"lock-46","lock","Lock 46","Two Locks 2","46",107.2,,,,"covered","covered","remaining","remaining",1,1,0,0,781060553,"2016-11-20","https://www.strava.com/activities/781060553",781060553,"2016-11-20","https://www.strava.com/activities/781060553",0,,,,,,,,,,,,,,,,,,,,,,
"lock-46-107-4","access_point","Lock 46",,,107.4,,39.615866,-77.926626,"covered","covered","remaining","remaining",1,1,0,0,781060553,"2016-11-20","https://www.strava.com/activities/781060553",781060553,"2016-11-20","https://www.strava.com/activities/781060553",0,,,,"false",,,,,,,,,,,,,,,,0,2,2
"lock-47","lock","Lock 47","Four Locks 1","47",108.7,,,,"covered","covered","remaining","remaining",1,1,0,0,781060553,"2016-11-20","https://www.strava.com/activities/781060553",781060553,"2016-11-20","https://www.strava.com/activities/781060553",0,,,,,,,,,,,,,,,,,,,,,,
"four-locks-108-8","access_point","Four Locks",,,108.8,,39.615311,-77.947494,"covered","covered","remaining","remaining",1,1,0,0,781060553,"2016-11-20","https://www.strava.com/activities/781060553",781060553,"2016-11-20","https://www.strava.com/activities/781060553",0,,,,"true","false","true","false","false","false","false","true","false","false","false","true","true","true","false","true",1,4,4
"lock-48","lock","Lock 48","Four Locks 2","48",108.8,,,,"covered","covered","remaining","remaining",1,1,0,0,781060553,"2016-11-20","https://www.strava.com/activities/781060553",781060553,"2016-11-20","https://www.strava.com/activities/781060553",0,,,,,,,,,,,,,,,,,,,,,,
"lock-49","lock","Lock 49","Four Locks 3","49",108.9,,,,"covered","covered","remaining","remaining",1,1,0,0,781060553,"2016-11-20","https://www.strava.com/activities/781060553",781060553,"2016-11-20","https://www.strava.com/activities/781060553",0,,,,,,,,,,,,,,,,,,,,,,
"lock-50","lock","Lock 50","Four Locks 4","50",109.0,,,,"covered","covered","remaining","remaining",1,1,0,0,781060553,"2016-11-20","https://www.strava.com/activities/781060553",781060553,"2016-11-20","https://www.strava.com/activities/781060553",0,,,,,,,,,,,,,,,,,,,,,,
"mccoys-ferry-110-4","access_point","McCoys Ferry",,,110.4,,39.609261,-77.970065,"remaining","remaining","remaining","remaining",0,0,0,0,,,,,,,1,109.81,184.5,74.69,"true","false","true","false","true","true","false","false","false","false","false","true","true","true","false","true",1,1,0
"fort-frederick-112-4","access_point","Fort Frederick",,,112.4,,39.605391,-78.005041,"remaining","remaining","remaining","remaining",0,0,0,0,,,,,,,1,109.81,184.5,74.69,"true","false","true","false","true","true","false","false","false","false","false","true","true","false","false","false",1,0,0
"ernstville-road-114-5","access_point","Ernstville Road",,,114.5,,39.63297,-78.028951,"remaining","remaining","remaining","remaining",0,0,0,0,,,,,,,1,109.81,184.5,74.69,"false",,,,,,,,,,,,,,,,0,1,0
"licking-creek-116-3","access_point","Licking Creek",,,116.3,,39.655987,-78.053946,"remaining","remaining","remaining","remaining",0,0,0,0,,,,,,,1,109.81,184.5,74.69,"true","false","false","false","true","false","true","false","false","false","false","false","false","true","false","true",1,0,0
"little-pool-119-6","access_point","Little Pool",,,119.6,,39.68443,-78.103796,"remaining","remaining","remaining","remaining",0,0,0,0,,,,,,,1,109.81,184.5,74.69,"false",,,,,,,,,,,,,,,,0,0,0
"lock-51","lock","Lock 51","Hancock 1","51",122.7,,,,"remaining","remaining","remaining","remaining",0,0,0,0,,,,,,,1,109.81,184.5,74.69,,,,,,,,,,,,,,,,,,,
"hancock-visitor-center-122-8","access_point","Hancock Visitor Center",,,122.8,,39.694227,-78.154046,"remaining","remaining","remaining","remaining",0,0,0,0,,,,,,,1,109.81,184.5,74.69,"false",,,,,,,,,,,,,,,,0,2,2
"lock-52","lock","Lock 52","Hancock 2","52",122.9,,,,"remaining","remaining","remaining","remaining",0,0,0,0,,,,,,,1,109.81,184.5,74.69,,,,,,,,,,,,,,,,,,,
"hancock-124-1","access_point","Hancock",,,124.1,,39.698253,-78.181036,"remaining","remaining","remaining","remaining",0,0,0,0,,,,,,,1,109.81,184.5,74.69,"false",,,,,,,,,,,,,,,,0,1,0
"berm-road-125-6","access_point","Berm Road",,,125.6,,39.683618,-78.199002,"remaining","remaining","remaining","remaining",0,0,0,0,,,,,,,1,109.81,184.5,74.69,"false",,,,,,,,,,,,,,,,0,2,0
"lock-53","lock","Lock 53","Irishman's Lock","53",130.1,,,,"remaining","remaining","remaining","remaining",0,0,0,0,,,,,,,1,109.81,184.5,74.69,,,,,,,,,,,,,,,,,,,
"cohill-station-130-7","access_point","Cohill Station",,,130.7,,39.645446,-78.251711,"remaining","remaining","remaining","remaining",0,0,0,0,,,,,,,1,109.81,184.5,74.69,"true","false","false","false","false","false","false","false","true","false","false","true","false","false","false","false",1,2,1
"pearre-road-dam-6-134-0","access_point","Pearre Road, Dam #6",,,134.0,,39.628174,-78.298256,"remaining","remaining","remaining","remaining",0,0,0,0,,,,,,,1,109.81,184.5,74.69,"false",,,,,,,,,,,,,,,,0,3,2
"lock-54","lock","Lock 54",,"54",134.0,,,,"remaining","remaining","remaining","remaining",0,0,0,0,,,,,,,1,109.81,184.5,74.69,,,,,,,,,,,,,,,,,,,
"lock-55","lock","Lock 55",,"55",134.2,,,,"remaining","remaining","remaining","remaining",0,0,0,0,,,,,,,1,109.81,184.5,74.69,,,,,,,,,,,,,,,,,,,
"wmrt-pearre-parking-lot-135-9","access_point","WMRT Pearre parking lot",,,135.9,,39.63648,-78.323262,"remaining","remaining","remaining","remaining",0,0,0,0,,,,,,,1,109.81,184.5,74.69,"false",,,,,,,,,,,,,,,,0,1,1
"lock-56-pearre-136-2","access_point","Lock 56 (Pearre)",,,136.2,,39.637868,-78.328302,"remaining","remaining","remaining","remaining",0,0,0,0,,,,,,,1,109.81,184.5,74.69,"false",,,,,,,,,,,,,,,,0,1,1
"lock-56","lock","Lock 56","Sideling Lock","56",136.2,,,,"remaining","remaining","remaining","remaining",0,0,0,0,,,,,,,1,109.81,184.5,74.69,,,,,,,,,,,,,,,,,,,
"lock-57","lock","Lock 57",,"57",139.4,,,,"remaining","remaining","remaining","remaining",0,0,0,0,,,,,,,1,109.81,184.5,74.69,,,,,,,,,,,,,,,,,,,
"little-orleans-140-8","access_point","Little Orleans",,,140.8,,39.625648,-78.385868,"remaining","remaining","remaining","remaining",0,0,0,0,,,,,,,1,109.81,184.5,74.69,"false",,,,,,,,,,,,,,,,0,1,0
"lock-58","lock","Lock 58",,"58",144.0,,,,"remaining","remaining","remaining","remaining",0,0,0,0,,,,,,,1,109.81,184.5,74.69,,,,,,,,,,,,,,,,,,,
"lock-59","lock","Lock 59",,"59",146.5,,,,"remaining","remaining","remaining","remaining",0,0,0,0,,,,,,,1,109.81,184.5,74.69,,,,,,,,,,,,,,,,,,,
"kasecamp-road-147-1","access_point","Kasecamp Road",,,147.1,,39.603639,-78.42582,"remaining","remaining","remaining","remaining",0,0,0,0,,,,,,,1,109.81,184.5,74.69,"false",,,,,,,,,,,,,,,,0,1,1
"lock-60","lock","Lock 60",,"60",149.6,,,,"remaining","remaining","remaining","remaining",0,0,0,0,,,,,,,1,109.81,184.5,74.69,,,,,,,,,,,,,,,,,,,
"bonds-landing-150-1","access_point","Bonds Landing",,,150.1,,39.582848,-78.411246,"remaining","remaining","remaining","remaining",0,0,0,0,,,,,,,1,109.81,184.5,74.69,"false",,,,,,,,,,,,,,,,0,2,1
"roby-hollow-151-2","access_point","Roby Hollow",,,151.2,,39.590113,-78.429294,"remaining","remaining","remaining","remaining",0,0,0,0,,,,,,,1,109.81,184.5,74.69,"false",,,,,,,,,,,,,,,,0,0,0
"lock-61","lock","Lock 61",,"61",153.1,,,,"remaining","remaining","remaining","remaining",0,0,0,0,,,,,,,1,109.81,184.5,74.69,,,,,,,,,,,,,,,,,,,
"twigg-hollow-153-3","access_point","Twigg Hollow",,,153.3,,39.58128,-78.46154,"remaining","remaining","remaining","remaining",0,0,0,0,,,,,,,1,109.81,184.5,74.69,"false",,,,,,,,,,,,,,,,0,3,2
"lock-62","lock","Lock 62",,"62",154.1,,,,"remaining","remaining","remaining","remaining",0,0,0,0,,,,,,,1,109.81,184.5,74.69,,,,,,,,,,,,,,,,,,,
"lock-63-1-3","lock","Lock 63 1/3",,"63 1/3",154.5,,,,"remaining","remaining","remaining","remaining",0,0,0,0,,,,,,,1,109.81,184.5,74.69,,,,,,,,,,,,,,,,,,,
"lock-64-2-3","lock","Lock 64 2/3",,"64 2/3",154.6,,,,"remaining","remaining","remaining","remaining",0,0,0,0,,,,,,,1,109.81,184.5,74.69,,,,,,,,,,,,,,,,,,,
"lock-66","lock","Lock 66",,"66",154.7,,,,"remaining","remaining","remaining","remaining",0,0,0,0,,,,,,,1,109.81,184.5,74.69,,,,,,,,,,,,,,,,,,,
"paw-paw-tunnel-156-2","access_point","Paw Paw Tunnel",,,156.2,,39.54445,-78.460806,"remaining","remaining","remaining","remaining",0,0,0,0,,,,,,,1,109.81,184.5,74.69,"true","false","false","false","true","true","false","false","true","false","false","true","true","true","false","true",1,1,0
"lock-67","lock","Lock 67","Darbey's Lock","67",161.7,,,,"remaining","remaining","remaining","remaining",0,0,0,0,,,,,,,1,109.81,184.5,74.69,,,,,,,,,,,,,,,,,,,
"lock-67-161-9","access_point","Lock 67",,,161.9,,39.5256,-78.53626,"remaining","remaining","remaining","remaining",0,0,0,0,,,,,,,1,109.81,184.5,74.69,"false",,,,,,,,,,,,,,,,0,1,1
"town-creek-aqueduct-162-3","access_point","Town Creek Aqueduct",,,162.3,,39.523862,-78.543122,"remaining","remaining","remaining","remaining",0,0,0,0,,,,,,,1,109.81,184.5,74.69,"true","false","false","false","true","false","true","false","false","false","false","false","false","true","false","true",1,1,1
"lock-68","lock","Lock 68","Crabtree's Lock","68",164.8,,,,"remaining","remaining","remaining","remaining",0,0,0,0,,,,,,,1,109.81,184.5,74.69,,,,,,,,,,,,,,,,,,,
"lock-69","lock","Lock 69","Twigg's Lock","69",166.5,,,,"remaining","remaining","remaining","remaining",0,0,0,0,,,,,,,1,109.81,184.5,74.69,,,,,,,,,,,,,,,,,,,
"oldtown-lock-70-166-7","access_point","Oldtown (Lock 70)",,,166.7,,39.540405,-78.611936,"remaining","remaining","remaining","remaining",0,0,0,0,,,,,,,1,109.81,184.5,74.69,"true","false","false","false","false","false","false","false","false","false","false","true","true","true","false","false",1,3,3
"lock-70","lock","Lock 70","Oldtown","70",166.7,,,,"remaining","remaining","remaining","remaining",0,0,0,0,,,,,,,1,109.81,184.5,74.69,,,,,,,,,,,,,,,,,,,
"lock-71","lock","Lock 71",,"71",167.0,,,,"remaining","remaining","remaining","remaining",0,0,0,0,,,,,,,1,109.81,184.5,74.69,,,,,,,,,,,,,,,,,,,
"spring-gap-173-3","access_point","Spring Gap",,,173.3,,39.564306,-78.719289,"remaining","remaining","remaining","remaining",0,0,0,0,,,,,,,1,109.81,184.5,74.69,"true","false","true","false","true","true","false","false","false","false","false","true","true","false","false","true",1,0,0
"lock-72","lock","Lock 72","The Narrows / Ten Mile Lock","72",174.4,,,,"remaining","remaining","remaining","remaining",0,0,0,0,,,,,,,1,109.81,184.5,74.69,,,,,,,,,,,,,,,,,,,
"lock-73","lock","Lock 73","North Branch 1","73",175.4,,,,"remaining","remaining","remaining","remaining",0,0,0,0,,,,,,,1,109.81,184.5,74.69,,,,,,,,,,,,,,,,,,,
"lock-74","lock","Lock 74","North Branch 2","74",175.5,,,,"remaining","remaining","remaining","remaining",0,0,0,0,,,,,,,1,109.81,184.5,74.69,,,,,,,,,,,,,,,,,,,
"north-branch-175-6","access_point","North Branch",,,175.6,,39.587698,-78.743462,"remaining","remaining","remaining","remaining",0,0,0,0,,,,,,,1,109.81,184.5,74.69,"true","false","false","false","false","false","false","false","false","false","false","true","true","true","false","false",1,4,3
"lock-75","lock","Lock 75","North Branch 3 / Keifers Lock","75",175.7,,,,"remaining","remaining","remaining","remaining",0,0,0,0,,,,,,,1,109.81,184.5,74.69,,,,,,,,,,,,,,,,,,,
"river-road-176-4","access_point","River Road",,,176.4,,39.587303,-78.754629,"remaining","remaining","remaining","remaining",0,0,0,0,,,,,,,1,109.81,184.5,74.69,"false",,,,,,,,,,,,,,,,0,3,3
"mexico-farms-178-3","access_point","Mexico Farms",,,178.3,,39.599369,-78.750544,"remaining","remaining","remaining","remaining",0,0,0,0,,,,,,,1,109.81,184.5,74.69,"false",,,,,,,,,,,,,,,,0,0,0
"brehm-road-178-9","access_point","Brehm Road",,,178.9,,39.603402,-78.741713,"remaining","remaining","remaining","remaining",0,0,0,0,,,,,,,1,109.81,184.5,74.69,"false",,,,,,,,,,,,,,,,0,0,0
"candoc-recreation-area-181-8","access_point","Candoc Recreation Area",,,181.8,,39.625274,-78.759307,"remaining","remaining","remaining","remaining",0,0,0,0,,,,,,,1,109.81,184.5,74.69,"false",,,,,,,,,,,,,,,,0,0,0
"canal-parkway-182-6","access_point","Canal Parkway",,,182.6,,39.622741,-78.773223,"remaining","remaining","remaining","remaining",0,0,0,0,,,,,,,1,109.81,184.5,74.69,"false",,,,,,,,,,,,,,,,0,0,0
"elizabeth-street-183-1","access_point","Elizabeth Street",,,183.1,,39.629393,-78.773132,"remaining","remaining","remaining","remaining",0,0,0,0,,,,,,,1,109.81,184.5,74.69,"false",,,,,,,,,,,,,,,,0,0,0
"cumberland-visitor-center-184-5","access_point","Cumberland Visitor Center",,,184.5,,39.649348,-78.7628,"remaining","remaining","remaining","remaining",0,0,0,0,,,,,,,1,109.81,184.5,74.69,"true","false","false","false","false","false","false","false","false","false","false","true","false","true","true","true",1,0,0
